0;3.448230472713476e-06
1;-0.0014828783459961414
2;0.006292514503002167
3;0.0056144618429243565
4;-0.024574408307671547
5;-0.008033504709601402
6;-0.011956149712204933
7;0.007897782139480114
8;0.06020805612206459
9;0.06946820020675659
10;-0.015482100658118725
11;-0.07472502440214157
12;-0.09000632911920547
13;-0.03149838000535965
14;0.031047720462083817
15;0.014780348166823387
16;0.031964078545570374
17;0.007067602127790451
18;-0.015830453485250473
19;-0.005819445941597223
20;0.035065650939941406
21;0.043503288179636
22;-0.017455872148275375
23;0.029918570071458817
24;-0.02249717153608799
25;-0.007718515582382679
26;0.004426777362823486
27;-0.07958235591650009
28;0.4409363269805908
29;-0.8897157311439514
30;0.8300595283508301
31;-0.20342624187469482
32;-0.29680386185646057
33;0.1554797887802124
34;-0.040184058248996735
35;0.31842249631881714
36;-0.24333146214485168
37;-0.0701124370098114
38;0.1679477095603943
39;0.05132588371634483
40;-0.2364797443151474
41;0.04016304761171341
42;-0.06300774216651917
43;0.05454479902982712
44;0.10011733323335648
45;0.17153728008270264
46;-0.1001727432012558
47;-0.2983569800853729
48;0.0810604840517044
49;0.05770709365606308
50;0.09339398145675659
51;0.060578353703022
52;-0.015825916081666946
53;-0.09414762258529663
54;-0.012065249495208263
55;0.0020478239748626947
56;0.10247086733579636
57;0.022941596806049347
58;-0.15975409746170044
59;-0.08529253304004669
60;0.07136216014623642
61;0.09261444211006165
62;0.0030319802463054657
63;-0.07155865430831909
64;-0.05042993277311325
65;-0.01588701643049717
66;-0.004641813226044178
67;0.022228484973311424
68;0.11230356246232986
69;0.05405349284410477
70;-0.0275973342359066
71;-0.004190042614936829
72;-0.04759586602449417
73;0.15047872066497803
74;-0.9192842245101929
75;0.9675459265708923
76;-0.15924516320228577
77;-0.4229946732521057
78;-0.07747621834278107
79;0.019130460917949677
80;0.24361218512058258
81;-0.0652635395526886
82;-0.09032104909420013
83;0.019290275871753693
84;0.003980759996920824
85;-0.020317140966653824
86;0.04331349581480026
87;0.028851142153143883
88;0.05587245151400566
89;-0.0824752151966095
90;0.002181999385356903
91;-0.10143496096134186
92;0.03921184688806534
93;-0.034911755472421646
94;0.0351036861538887
95;0.012285861186683178
96;0.051009949296712875
97;0.022234885022044182
98;0.06316892802715302
99;0.01644812524318695
100;-0.1687087118625641
101;0.00819022674113512
102;-0.02774663455784321
103;0.11034248024225235
104;0.08516379445791245
105;-0.04520560801029205
106;-0.10411764681339264
107;-0.08078227937221527
108;0.041296035051345825
109;0.06798584759235382
110;-0.059184618294239044
111;0.0355941504240036
112;0.015246688388288021
113;0.12389450520277023
114;-0.0739026665687561
115;-0.04598035663366318
116;0.002968133892863989
117;0.022873688489198685
118;0.01795603707432747
119;-0.08497146517038345
120;-0.02629978582262993
121;0.03979736566543579
122;0.0715235248208046
123;-0.037514980882406235
124;-0.015524353832006454
125;-0.00983591377735138
126;-0.00031773143564350903
127;0.05440383777022362
128;-0.03951338306069374
129;-0.012860767543315887
130;0.001337110181339085
131;-0.012068631127476692
132;0.07862619310617447
133;-0.01946047693490982
134;-0.03192559629678726
135;-0.029495013877749443
136;0.021759167313575745
137;-0.006301750894635916
138;0.024960339069366455
139;0.051499009132385254
140;0.025993192568421364
141;-0.0955466628074646
142;-0.06323392689228058
143;0.019686784595251083
144;0.0569322407245636
145;0.031059863045811653
146;0.03206200152635574
147;0.009990841150283813
148;-0.056064847856760025
149;-0.021407976746559143
150;0.028261743485927582
151;-0.024125514551997185
152;0.020811885595321655
153;-0.05630024895071983
154;-0.04110284522175789
155;0.053426191210746765
156;0.028049126267433167
157;0.007464391179382801
158;-0.006679989397525787
159;0.04010067135095596
160;-0.01008460484445095
161;0.10901001840829849
162;0.05044834315776825
163;-0.6045876741409302
164;0.9656842350959778
165;-0.4132143259048462
166;-0.47974202036857605
167;0.2985730767250061
168;0.2967396378517151
169;0.1359432488679886
170;-0.4656088054180145
171;0.09543641656637192
172;0.17509755492210388
173;-0.1164187490940094
174;0.08356043696403503
175;0.059155773371458054
176;-0.0720307007431984
177;-0.07416009902954102
178;0.07700776308774948
179;0.03184542804956436
180;-0.009146603755652905
181;0.01264992356300354
182;-0.08197054266929626
183;-0.020145678892731667
184;-0.044232361018657684
185;0.11567923426628113
186;0.013992826454341412
187;0.04518744722008705
188;-0.07659289985895157
189;0.1060863807797432
190;-0.07291571795940399
191;-0.08206991851329803
192;-0.004894636105746031
193;0.01703627221286297
194;0.06192895025014877
195;-0.11321744322776794
196;-0.06158647686243057
197;0.058476828038692474
198;0.05326143652200699
199;0.09073708951473236
200;-0.015112597495317459
201;-0.08261673897504807
202;-0.021368278190493584
203;0.005125601775944233
204;0.04708687961101532
205;0.017422372475266457
206;-0.018506934866309166
207;0.33923840522766113
208;-1.0082846879959106
209;0.9122114777565002
210;-0.10953683406114578
211;-0.25873178243637085
212;-0.21897932887077332
213;0.019050108268857002
214;0.01991470716893673
215;0.03555198386311531
216;-0.028594806790351868
217;0.05945669487118721
218;-0.025704557076096535
219;-0.0658276230096817
220;-0.018451323732733727
221;0.04403739422559738
222;0.12498332560062408
223;0.041704364120960236
224;-0.10125192999839783
225;-0.10308190435171127
226;0.003029104322195053
227;0.06601184606552124
228;-0.04786624759435654
229;-0.006162714213132858
230;0.04966117441654205
231;0.05409201607108116
232;-0.022978967055678368
233;0.06702083349227905
234;0.0036585840862244368
235;-0.07629574835300446
236;-0.06765370070934296
237;-0.007928814738988876
238;0.023932041600346565
239;0.06406416743993759
240;0.02311895415186882
241;0.0747407078742981
242;0.06823243945837021
243;-0.19118985533714294
244;0.01898694410920143
245;-0.06958507001399994
246;-0.019943639636039734
247;0.07213827967643738
248;0.007343529257923365
249;0.00687559274956584
250;0.008263364434242249
251;0.06767868995666504
252;0.031005850061774254
253;-0.03251268342137337
254;-0.044809333980083466
255;-0.019327223300933838
256;-0.034129757434129715
257;0.0532376691699028
258;-0.04550286382436752
259;-0.005505045875906944
260;0.0028564815875142813
261;0.037681907415390015
262;0.028920311480760574
263;-0.03703285753726959
264;-0.030537456274032593
265;-0.050649069249629974
266;-0.008955405093729496
267;0.05444689467549324
268;0.021476784721016884
269;0.008627117611467838
270;0.029359230771660805
271;-0.03621862456202507
272;0.0012676592450588942
273;-0.03310348838567734
274;-0.007383446209132671
275;-0.016445666551589966
276;0.046860042959451675
277;0.020201096311211586
278;-0.035222090780735016
279;-0.03588807210326195
280;-0.04188694804906845
281;0.023695379495620728
282;0.03818676620721817
283;-0.007996789179742336
284;0.015415332280099392
285;0.001389265526086092
286;-0.011096350848674774
287;-0.0023732709232717752
288;-0.015711138024926186
289;0.033944521099328995
290;0.021306831389665604
291;0.0030446667224168777
292;-0.05987541005015373
293;-0.00967416726052761
294;0.03717838227748871
295;0.06112002208828926
296;-0.2901945114135742
297;0.3454553782939911
298;0.14391279220581055
299;-0.30920299887657166
300;0.2665507197380066
301;-0.17683592438697815
302;-0.14185187220573425
303;-0.11242635548114777
304;0.09268200397491455
305;0.06832371652126312
306;0.04322905093431473
307;0.03051399625837803
308;-0.017350343987345695
309;0.14754696190357208
310;0.03717907518148422
311;-0.08546433597803116
312;-0.12129759043455124
313;0.060026928782463074
314;-0.010712460614740849
315;0.0034717414528131485
316;-0.1251915693283081
317;0.02849694713950157
318;0.07435896247625351
319;0.1320182830095291
320;-0.011908555403351784
321;-0.11477954685688019
322;-0.04795852303504944
323;-0.005057724192738533
324;0.04015713185071945
325;0.08194222301244736
326;-0.04453478008508682
327;-0.03927288204431534
328;-0.08037815243005753
329;-0.026003332808613777
330;0.05811775475740433
331;-0.006543572060763836
332;0.03054710663855076
333;0.001936076208949089
334;0.02062276005744934
335;0.02014959789812565
336;-0.002960981335490942
337;0.03427465632557869
338;-0.055460166186094284
339;-0.045794278383255005
340;-0.2134343385696411
341;0.09974022209644318
342;0.6605863571166992
343;-0.5166310667991638
344;-0.7033604383468628
345;0.27370160818099976
346;0.3252294361591339
347;-0.022763602435588837
348;-0.019366104155778885
349;0.276745080947876
350;-0.12795761227607727
351;-0.3251383304595947
352;-0.11355410516262054
353;0.07025855779647827
354;0.18327271938323975
355;-0.0431939959526062
356;-0.0643351748585701
357;-0.030983099713921547
358;0.009907424449920654
359;0.037896525114774704
360;0.0019600309897214174
361;0.13003751635551453
362;-0.01513128075748682
363;0.07896118611097336
364;-0.04214688763022423
365;-0.06605874001979828
366;-0.05734914541244507
367;-0.04502631723880768
368;-0.1150384470820427
369;-0.1515844464302063
370;0.20367036759853363
371;0.10563620179891586
372;-0.03488978371024132
373;-0.011799867264926434
374;0.13575027883052826
375;0.01781322993338108
376;-0.07167814671993256
377;-0.03469013050198555
378;-0.07657861709594727
379;-0.002587065100669861
380;0.007065226323902607
381;-0.07177923619747162
382;0.15334969758987427
383;-0.09043703973293304
384;-0.043674618005752563
385;0.01640414446592331
386;0.1785149872303009
387;0.03160393610596657
388;0.011987834237515926
389;0.018365124240517616
390;-0.03948311135172844
391;-0.15626665949821472
392;-0.0016432050615549088
393;0.035168349742889404
394;0.03366929665207863
395;-0.03898755833506584
396;-0.02148359641432762
397;-0.05122850462794304
398;-0.023808743804693222
399;0.08211559802293777
400;0.091559037566185
401;0.040634021162986755
402;-0.0415886826813221
403;-0.05796234309673309
404;-0.010378612205386162
405;-0.0022348668426275253
406;-0.004200268536806107
407;0.008823318406939507
408;0.09237490594387054
409;0.033246491104364395
410;-0.053946010768413544
411;-0.006899362429976463
412;-0.04730016738176346
413;-0.07070741802453995
414;-0.024348925799131393
415;0.08384569734334946
416;0.06514652073383331
417;0.036368269473314285
418;-0.002869253046810627
419;-0.0637630894780159
420;-0.03836168348789215
421;-0.028910433873534203
422;0.0004943112144246697
423;0.053712762892246246
424;0.0660448968410492
425;0.022463226690888405
426;-0.3094230592250824
427;0.12001994252204895
428;0.5183207392692566
429;-0.6735728979110718
430;0.4922436773777008
431;-0.266274631023407
432;-0.22440287470817566
433;0.03558941185474396
434;0.26840484142303467
435;-0.023973416537046432
436;-0.20528839528560638
437;0.015675067901611328
438;0.09211713075637817
439;0.26560333371162415
440;-0.0037438098806887865
441;-0.15996424853801727
442;-0.09274274110794067
443;0.020327245816588402
444;0.03095819056034088
445;-0.13848701119422913
446;0.003652267623692751
447;0.14761248230934143
448;0.0024989000521600246
449;-0.0030108559876680374
450;0.03790450841188431
451;0.024455104023218155
452;-0.026823289692401886
453;-0.010303163900971413
454;0.08609702438116074
455;0.0011758971959352493
456;-0.09211327135562897
457;-0.1618763953447342
458;-0.02766409143805504
459;0.06952793896198273
460;0.08665456622838974
461;0.07430239766836166
462;-0.06432439386844635
463;-0.01837955415248871
464;0.024067819118499756
465;0.014755786396563053
466;-0.04047512263059616
467;0.04051067307591438
468;-0.003343690186738968
469;-0.05382330343127251
470;-0.15961013734340668
471;0.5325297713279724
472;-0.4510941505432129
473;0.31768155097961426
474;-0.28197139501571655
475;-0.10317511856555939
476;0.14576703310012817
477;-0.3366788625717163
478;0.13802391290664673
479;0.470848947763443
480;0.04469515383243561
481;-0.3323974609375
482;-0.1493512988090515
483;0.0067158713936805725
484;0.10771375149488449
485;0.029433200135827065
486;-0.057933978736400604
487;0.03495875000953674
488;-0.0016604959964752197
489;-0.05125880613923073
490;0.10565462708473206
491;0.033756598830223083
492;-0.0009513676632195711
493;0.0069581493735313416
494;-0.14891976118087769
495;0.04913581907749176
496;0.03301181271672249
497;0.05874866992235184
498;0.022666484117507935
499;-0.03364124149084091
500;-0.11186261475086212
501;0.08971325308084488
502;0.059200529009103775
503;-0.0940452367067337
504;-0.1574147641658783
505;0.08080162853002548
506;-0.010394522920250893
507;-0.027492213994264603
508;0.07345153391361237
509;0.09320531785488129
510;0.008562293834984303
511;-0.10064905881881714
512;0.005274622235447168
513;0.014452055096626282
514;-0.02608269825577736
515;0.03122522309422493
516;0.013347897678613663
517;-0.051800839602947235
518;0.05875711143016815
519;0.026566827669739723
520;-0.08132269233465195
521;-0.07052940130233765
522;0.07813096791505814
523;0.11506424844264984
524;0.08379106223583221
525;-0.14777472615242004
526;-0.1410854160785675
527;0.1133313849568367
528;0.046864863485097885
529;-0.03631053864955902
530;0.009866909123957157
531;-0.041198596358299255
532;-0.08472082018852234
533;0.05314809828996658
534;0.004497150424867868
535;-0.0028504941146820784
536;-0.007878398522734642
537;0.014045647345483303
538;0.02129303105175495
539;0.0571453794836998
540;-0.006781087256968021
541;-0.020517414435744286
542;-0.05340663716197014
543;-0.044343844056129456
544;-0.07511135935783386
545;0.05385478213429451
546;0.11811637878417969
547;0.04533600062131882
548;-0.011538331396877766
549;-0.015548455528914928
550;-0.031800974160432816
551;-0.04075084999203682
552;-0.04673663526773453
553;0.07113777101039886
554;0.07982496172189713
555;0.055583640933036804
556;-0.09107355028390884
557;-0.11621522903442383
558;0.19073936343193054
559;-0.05525456368923187
560;-0.23370051383972168
561;0.2880515456199646
562;-0.07077980041503906
563;0.1415989249944687
564;-0.2702028155326843
565;-0.0029005215037614107
566;0.07538148015737534
567;-0.05388527736067772
568;0.102686308324337
569;0.04513378441333771
570;0.02950940653681755
571;-0.05973394960165024
572;0.02040802128612995
573;0.03015049360692501
574;0.0037056971341371536
575;-0.08351264148950577
576;-0.09598339349031448
577;-0.014059433713555336
578;0.025704629719257355
579;0.10030383616685867
580;-0.013225615955889225
581;-0.03446964547038078
582;0.06882674247026443
583;0.07390770316123962
584;0.008289153687655926
585;-0.09621401131153107
586;-0.03764745593070984
587;-0.09926114976406097
588;-0.0300363227725029
589;0.044883646070957184
590;0.05565206706523895
591;-0.020712915807962418
592;0.008574474602937698
593;-0.016397634521126747
594;-0.023580441251397133
595;0.02225729078054428
596;0.10950329154729843
597;-0.016254547983407974
598;-0.10867209732532501
599;0.00849453266710043
600;0.057971082627773285
601;-0.018774554133415222
602;0.6178550720214844
603;-0.9623261094093323
604;0.7988836765289307
605;-0.312748521566391
606;0.02299918234348297
607;-0.17099441587924957
608;0.24627535045146942
609;-0.013002932071685791
610;-0.17535331845283508
611;0.04067031666636467
612;-0.04265304282307625
613;0.13897278904914856
614;-0.04008081182837486
615;-0.05155590549111366
616;-0.011494513601064682
617;0.03559711202979088
618;0.010957906022667885
619;0.04302380979061127
620;-0.013085030019283295
621;-0.02292805165052414
622;-0.08692241460084915
623;0.0347755067050457
624;0.056179799139499664
625;0.062397897243499756
626;-0.03804909437894821
627;0.008525703102350235
628;0.024405034258961678
629;-0.019020846113562584
630;0.0696653425693512
631;-0.12095857411623001
632;-0.0348801389336586
633;-0.026904048398137093
634;0.03609171882271767
635;0.029227755963802338
636;0.03981874883174896
637;-0.03883478790521622
638;-0.03514029458165169
639;0.08277523517608643
640;-0.017423756420612335
641;-0.03399350866675377
642;-0.0028225118294358253
643;0.03800887614488602
644;0.033158350735902786
645;-0.014111044816672802
646;-0.09589201211929321
647;0.0011434219777584076
648;0.019219009205698967
649;0.03793361783027649
650;-0.01632365770637989
651;0.000372834037989378
652;0.009449531324207783
653;0.04748510196805
654;0.018451545387506485
655;0.00014195777475833893
656;-0.04091870039701462
657;-0.018869301304221153
658;-0.032036155462265015
659;-0.0569973886013031
660;0.025108646601438522
661;0.11894995719194412
662;-0.016736891120672226
663;-0.05267627164721489
664;-0.04806138575077057
665;0.05333394929766655
666;0.05043412372469902
667;-0.007224869914352894
668;-0.027824362739920616
669;-0.04719509556889534
670;-0.012198569253087044
671;0.04465575888752937
672;0.0011801511282101274
673;0.011833349242806435
674;-0.02259424328804016
675;-0.017167024314403534
676;-0.003737163729965687
677;0.002796055981889367
678;-0.0034269087482243776
679;0.015326629392802715
680;-0.001872614724561572
681;0.00972693134099245
682;-0.008084877394139767
683;-0.040993575006723404
684;0.00652948347851634
685;0.03589071333408356
686;0.06695649027824402
687;0.030701369047164917
688;-0.4306521713733673
689;0.6013967394828796
690;-0.09530043601989746
691;-0.3884432911872864
692;0.2103254646062851
693;0.028545595705509186
694;0.1233016774058342
695;-0.3064533472061157
696;-0.13738326728343964
697;0.29081887006759644
698;-0.0304428543895483
699;0.06866366416215897
700;-0.02717326022684574
701;0.0845937579870224
702;0.05420597642660141
703;-0.08715927600860596
704;-0.011413875967264175
705;-0.043802566826343536
706;-0.10847378522157669
707;-0.056502826511859894
708;0.018787933513522148
709;0.05315958335995674
710;0.11382260918617249
711;0.05755972862243652
712;0.01229353342205286
713;0.0010188929736614227
714;-0.02582317590713501
715;-0.04801145941019058
716;0.02289574407041073
717;-0.03485562652349472
718;-0.1137785017490387
719;0.038766827434301376
720;0.009020697325468063
721;-0.03142851963639259
722;0.030965154990553856
723;0.04742473363876343
724;0.013448545709252357
725;-0.016775496304035187
726;0.03950147330760956
727;-0.013560257852077484
728;-0.005851149093359709
729;-0.009798262268304825
730;0.004488460719585419
731;0.008192191831767559
732;-0.085020512342453
733;0.2890099883079529
734;-0.9987635612487793
735;0.9007159471511841
736;-0.25043830275535583
737;-0.2223372608423233
738;-0.16460222005844116
739;-0.07258013635873795
740;0.0889718160033226
741;0.027799244970083237
742;0.0543137826025486
743;-0.06004150211811066
744;0.04838583618402481
745;-0.0955270379781723
746;0.06617357581853867
747;0.09059032797813416
748;0.11938564479351044
749;-0.15754146873950958
750;-0.1977953314781189
751;-0.10221119970083237
752;0.11856801062822342
753;0.16243185102939606
754;0.10632961988449097
755;-0.0108847226947546
756;-0.052440986037254333
757;-0.05188951641321182
758;0.0005919653922319412
759;-0.05861854925751686
760;-0.06744338572025299
761;-0.05092214420437813
762;0.1389291137456894
763;0.08556103706359863
764;0.09520000219345093
765;-0.06931405514478683
766;0.01663498394191265
767;-0.037175361067056656
768;-0.1911792755126953
769;-0.13762958347797394
770;0.04973653331398964
771;0.1451321840286255
772;0.02267119660973549
773;0.12390072643756866
774;0.036711063235998154
775;0.0025182850658893585
776;-0.06872370094060898
777;-0.12852010130882263
778;-0.05887448042631149
779;-0.02445656806230545
780;0.04532911628484726
781;0.11901013553142548
782;0.14437700808048248
783;0.017043426632881165
784;-0.0893077626824379
785;-0.07150082290172577
786;-0.05012631416320801
787;-0.09939336776733398
788;-0.02628052979707718
789;0.07992657274007797
790;0.14571741223335266
791;0.05697895213961601
792;-0.06788374483585358
793;-0.029911275953054428
794;0.031656987965106964
795;-0.08928690105676651
796;-0.05239218845963478
797;0.007573723793029785
798;0.054350487887859344
799;0.057554543018341064
800;7.996615022420883e-05
801;0.022486459463834763
802;0.0036512259393930435
803;-0.0848563089966774
804;-0.008401885628700256
805;-0.03338736668229103
806;0.020093193277716637
807;-0.0035135983489453793
808;0.037744659930467606
809;0.10898144543170929
810;0.021142449229955673
811;-0.08502870798110962
812;-0.11608832329511642
813;-0.01095391996204853
814;0.05523550510406494
815;0.004808714147657156
816;0.04522710293531418
817;-0.06269839406013489
818;0.03334064781665802
819;0.07928331196308136
820;0.05434895306825638
821;-0.04508260637521744
822;0.042328134179115295
823;-0.07966553419828415
824;-0.4891700744628906
825;0.479286789894104
826;0.15862466394901276
827;-0.16912615299224854
828;0.10049222409725189
829;-0.026308391243219376
830;-0.07997776567935944
831;-0.2781161963939667
832;0.04094021022319794
833;0.20223312079906464
834;0.0165337435901165
835;0.058633361011743546
836;-0.032208122313022614
837;0.05194578692317009
838;0.029386227950453758
839;-0.02502550184726715
840;-0.014372962526977062
841;-0.14641913771629333
842;-0.15394583344459534
843;0.05247386172413826
844;0.15556320548057556
845;0.1949118971824646
846;0.01918816938996315
847;-0.11545339971780777
848;-0.018719948828220367
849;-0.005687223747372627
850;-0.029386159032583237
851;-0.11265059560537338
852;0.0008283136412501335
853;0.0722040981054306
854;-0.04470165818929672
855;0.017610343173146248
856;0.12905994057655334
857;-0.05581922456622124
858;-0.12512077391147614
859;-0.03253921866416931
860;-0.02563495934009552
861;0.08171463012695312
862;0.13093623518943787
863;-0.0050606876611709595
864;-0.033102888613939285
865;-0.007340138778090477
866;0.03341467306017876
867;0.03357165306806564
868;-0.2106810361146927
869;0.3200061619281769
870;-0.45119592547416687
871;0.3298143148422241
872;-0.11185475438833237
873;0.014414872974157333
874;-0.1627359241247177
875;-0.0074807824566960335
876;-0.05892641097307205
877;0.0925024077296257
878;0.03522709757089615
879;-0.07231244444847107
880;-0.17017489671707153
881;0.03233934938907623
882;0.15884749591350555
883;0.11557691544294357
884;0.043466389179229736
885;-0.03486289083957672
886;-0.06804057210683823
887;-0.07643160969018936
888;-0.08708227425813675
889;-0.008932323195040226
890;0.13231004774570465
891;0.13294851779937744
892;-0.09870772063732147
893;-0.10387258976697922
894;0.023465311154723167
895;0.06307031214237213
896;0.10592297464609146
897;-0.02750609815120697
898;-0.21577546000480652
899;-0.07828851789236069
900;0.12797938287258148
901;0.12540961802005768
902;0.02942500077188015
903;-0.00011379293573554605
904;-0.010674972087144852
905;-0.13812986016273499
906;-0.00393980648368597
907;0.07360105216503143
908;-0.015672441571950912
909;0.014814171008765697
910;-0.061844855546951294
911;-0.006572194397449493
912;0.08285033702850342
913;0.019183095544576645
914;-0.00018992729019373655
915;-0.03455361723899841
916;0.00511224614456296
917;-0.0485653318464756
918;0.06851430237293243
919;-0.013079680502414703
920;-0.026576757431030273
921;-0.03580937907099724
922;-0.02384287677705288
923;0.029715564101934433
924;0.08491931110620499
925;-0.01753140240907669
926;-0.08424174040555954
927;0.0041170925833284855
928;0.03502574935555458
929;0.016332993283867836
930;0.009038468822836876
931;-0.04756026342511177
932;-0.012955298647284508
933;0.00672215037047863
934;0.04315703734755516
935;-0.01895100064575672
936;0.007024673745036125
937;-0.001641270238906145
938;-0.015016622841358185
939;-0.00765442568808794
940;0.02029580809175968
941;-0.013399184681475163
942;0.029652152210474014
943;-0.011851411312818527
944;-0.0036466766614466906
945;0.0010204268619418144
946;0.01228946540504694
947;0.028705524280667305
948;-0.009786727838218212
949;0.010309918783605099
950;-0.030978064984083176
951;-0.029955247417092323
952;-0.012090654112398624
953;0.0175665020942688
954;0.040084317326545715
955;0.0019704457372426987
956;-0.0456266850233078
957;0.015838492661714554
958;0.0532817468047142
959;0.02315300516784191
960;-0.18099722266197205
961;0.29322579503059387
962;-0.30751943588256836
963;0.08555880188941956
964;0.027536481618881226
965;-0.1616637259721756
966;0.2447880506515503
967;0.02457701973617077
968;-0.1375802457332611
969;-0.18142864108085632
970;-0.045873358845710754
971;0.2061687856912613
972;0.0034126313403248787
973;0.04431026801466942
974;0.07079510390758514
975;0.006464377976953983
976;-0.02763323113322258
977;-0.08757440745830536
978;0.026989899575710297
979;-0.012041795067489147
980;-0.06623486429452896
981;-0.08287809789180756
982;0.1236458569765091
983;0.09386775642633438
984;0.004793266300112009
985;-0.01715615577995777
986;0.01318707037717104
987;-0.020215941593050957
988;-0.022083254531025887
989;0.01440372969955206
990;-0.06301295757293701
991;-0.07086722552776337
992;0.032955557107925415
993;0.0032212063670158386
994;0.07260048389434814
995;-0.008513828739523888
996;-0.04931015521287918
997;-0.020933296531438828
998;-0.043399229645729065
999;0.09002379328012466
1000;0.06622198224067688
1001;-0.04433808848261833
1002;-0.045291632413864136
1003;-0.019364070147275925
1004;0.015472276136279106
1005;0.0010597296059131622
1006;0.11615058034658432
1007;-0.7435586452484131
1008;0.9880079627037048
1009;-0.2469731867313385
1010;-0.6531296968460083
1011;0.01605825498700142
1012;0.13758547604084015
1013;0.14616550505161285
1014;-0.09736853092908859
1015;-0.02895291894674301
1016;0.05457063019275665
1017;-0.08255459368228912
1018;0.055705539882183075
1019;-0.04437115043401718
1020;0.09755829721689224
1021;0.05473213642835617
1022;-0.13869436085224152
1023;-0.0885734036564827
1024;0.07714807987213135
1025;0.04694097116589546
1026;-0.03888477012515068
1027;0.021796483546495438
1028;0.02803843468427658
1029;0.09513983130455017
1030;0.04703430458903313
1031;-0.10365551710128784
1032;-0.07976049929857254
1033;-0.015994001179933548
1034;-0.027849262580275536
1035;0.08161240071058273
1036;-0.000490240752696991
1037;0.04198450595140457
1038;-0.016269341111183167
1039;0.027365010231733322
1040;-0.016013100743293762
1041;-0.07140766829252243
1042;-0.026654787361621857
1043;0.07824093848466873
1044;-0.0018920674920082092
1045;-0.03234478086233139
1046;0.06267521530389786
1047;-0.021882615983486176
1048;-0.020755168050527573
1049;0.05587012320756912
1050;-0.02244279906153679
1051;-0.020927991718053818
1052;-0.025682905688881874
1053;-0.07506759464740753
1054;0.028823446482419968
1055;0.10617993772029877
1056;0.04966804012656212
1057;-0.07032471150159836
1058;-0.028173211961984634
1059;0.011679498478770256
1060;0.020821524783968925
1061;-0.010553967207670212
1062;-0.10186859965324402
1063;-0.022311409935355186
1064;0.10891945660114288
1065;-0.0010649561882019043
1066;0.022645220160484314
1067;0.009572938084602356
1068;0.039604078978300095
1069;-0.03813658282160759
1070;-0.05152221396565437
1071;0.005234802607446909
1072;-0.030567435547709465
1073;0.01041344366967678
1074;0.0025059664621949196
1075;-0.02396477200090885
1076;0.013567836955189705
1077;0.030365681275725365
1078;0.01679440215229988
1079;0.019328167662024498
1080;0.037147268652915955
1081;-0.01890512742102146
1082;-0.013901608996093273
1083;-0.024772651493549347
1084;-0.014404979534447193
1085;-0.02605617232620716
1086;0.0045342473313212395
1087;0.014279363676905632
1088;0.02883313037455082
1089;-0.018125345930457115
1090;-0.04224587604403496
1091;0.026004653424024582
1092;0.011712973937392235
1093;0.03382667899131775
1094;-0.047015439718961716
1095;0.04126615449786186
1096;-0.07653073966503143
1097;0.2649780809879303
1098;-0.2705225348472595
1099;0.17090462148189545
1100;-0.23173493146896362
1101;0.1697043925523758
1102;-0.053485747426748276
1103;0.03654289245605469
1104;-0.026060130447149277
1105;-0.08626257628202438
1106;0.07547691464424133
1107;-0.038405969738960266
1108;0.025171538814902306
1109;0.14379990100860596
1110;0.05618532374501228
1111;-0.08348186314105988
1112;-0.1081961989402771
1113;-0.02707771770656109
1114;-0.053330227732658386
1115;0.030327845364809036
1116;0.049860864877700806
1117;0.02620801329612732
1118;0.04150818660855293
1119;0.044912151992321014
1120;0.03983753174543381
1121;-0.07653588056564331
1122;-0.10982051491737366
1123;-0.021085750311613083
1124;-0.001509244553744793
1125;0.04731055349111557
1126;0.038748372346162796
1127;0.04771284759044647
1128;0.05336930602788925
1129;-0.06260498613119125
1130;-0.05940301716327667
1131;-0.028466682881116867
1132;-0.01711040735244751
1133;-0.009024886414408684
1134;0.034708086401224136
1135;0.1085934191942215
1136;0.05821963772177696
1137;0.01375100389122963
1138;-0.11432496458292007
1139;-0.06222217157483101
1140;-0.14180661737918854
1141;0.509391725063324
1142;-0.5533193349838257
1143;-0.2634643614292145
1144;0.26001763343811035
1145;0.3042738437652588
1146;-0.10466387122869492
1147;-0.19718819856643677
1148;-0.10138200223445892
1149;0.17719027400016785
1150;-0.18491537868976593
1151;-0.1353411227464676
1152;0.04849699139595032
1153;0.20420581102371216
1154;0.14053477346897125
1155;-0.06849636137485504
1156;-0.059729550033807755
1157;-0.10020031034946442
1158;-0.14683091640472412
1159;0.07281497120857239
1160;0.12927736341953278
1161;0.00482928566634655
1162;0.013132188469171524
1163;-0.04898451268672943
1164;0.005172861739993095
1165;0.10181720554828644
1166;-0.03031153231859207
1167;-0.09274831414222717
1168;-0.0864228680729866
1169;-0.08332382142543793
1170;0.074726402759552
1171;0.157056525349617
1172;0.04645358771085739
1173;-0.06979312747716904
1174;-0.08254430443048477
1175;0.010783667676150799
1176;0.036354511976242065
1177;-0.01506292074918747
1178;0.10363496094942093
1179;0.031298354268074036
1180;-0.11304093897342682
1181;0.004035847261548042
1182;-0.014391227625310421
1183;0.0009051603265106678
1184;-0.004313907586038113
1185;0.002742315409705043
1186;-0.015381141565740108
1187;-0.00914410687983036
1188;0.020703045651316643
1189;0.09255693852901459
1190;0.047785524278879166
1191;-0.07592372596263885
1192;-0.03824737295508385
1193;-0.027803143486380577
1194;0.010187333449721336
1195;-0.013436568900942802
1196;-0.055165309458971024
1197;0.0535445436835289
1198;0.04640131816267967
1199;0.00039042445132508874
1200;-0.03457019850611687
1201;0.018105026334524155
1202;0.04236014559864998
1203;-0.051162831485271454
1204;-0.04430021345615387
1205;-0.012207075953483582
1206;-0.005683856550604105
1207;0.0269690603017807
1208;0.054357558488845825
1209;-0.008639142848551273
1210;-0.008790409192442894
1211;-0.007949593476951122
1212;-0.031898148357868195
1213;0.004635452292859554
1214;-0.000993885099887848
1215;0.03920543193817139
1216;-0.011247905902564526
1217;-0.025645870715379715
1218;0.02085486613214016
1219;0.0202543456107378
1220;-0.004882837645709515
1221;-0.019256621599197388
1222;-0.001573825255036354
1223;0.012260781601071358
1224;-0.050156570971012115
1225;0.02067180536687374
1226;0.05047202855348587
1227;-0.026616312563419342
1228;0.061389051377773285
1229;-0.16576041281223297
1230;-0.07034129649400711
1231;0.3704017102718353
1232;-0.40780383348464966
1233;0.3613675534725189
1234;-0.24590905010700226
1235;-0.12869423627853394
1236;0.13537979125976562
1237;0.10204079747200012
1238;-0.0041458625346422195
1239;-0.10311263799667358
1240;0.09805459529161453
1241;-0.08129845559597015
1242;0.05123524367809296
1243;0.06199217587709427
1244;0.08374233543872833
1245;-0.03211425244808197
1246;-0.08072075992822647
1247;-0.08299563825130463
1248;0.06061388924717903
1249;-0.035889606922864914
1250;-0.0558687187731266
1251;0.07298564910888672
1252;-0.0056969597935676575
1253;0.0765371024608612
1254;-0.002865565475076437
1255;0.037648942321538925
1256;-0.008450163528323174
1257;-0.05112331733107567
1258;-0.011649622581899166
1259;-0.014453716576099396
1260;-0.014957892708480358
1261;-0.06552843004465103
1262;-0.002645812463015318
1263;0.009679535403847694
1264;0.033255819231271744
1265;0.034534651786088943
1266;-0.004027178976684809
1267;0.0356471948325634
1268;0.008495038375258446
1269;-0.0188911072909832
1270;-0.001648374367505312
1271;8.830521255731583e-05
1272;0.005837395321577787
1273;-0.025783278048038483
1274;-0.0632488876581192
1275;0.3058907985687256
1276;-0.6488597393035889
1277;0.37966421246528625
1278;-0.18641068041324615
1279;0.03161860629916191
1280;0.09602664411067963
1281;-0.2234090268611908
1282;-0.02168620377779007
1283;0.2244470715522766
1284;-0.02149086445569992
1285;-0.09716267883777618
1286;-0.08323352783918381
1287;0.1386188119649887
1288;0.027469048276543617
1289;-0.0372488871216774
1290;-0.07668676972389221
1291;-0.0008359886705875397
1292;-0.006103732623159885
1293;-0.014527171850204468
1294;0.023264247924089432
1295;0.09930595755577087
1296;-0.01573869027197361
1297;-0.041444405913352966
1298;-0.03299224004149437
1299;0.04199978709220886
1300;0.023802828043699265
1301;0.014586355537176132
1302;-0.044581927359104156
1303;-0.028428971767425537
1304;0.05663960427045822
1305;0.09322072565555573
1306;-0.002259131520986557
1307;-0.05909346416592598
1308;-0.11686749756336212
1309;-0.052517760545015335
1310;0.09850051254034042
1311;0.11623736470937729
1312;-0.038517702370882034
1313;-0.07142957299947739
1314;-0.05363555625081062
1315;-0.021061358973383904
1316;0.02552911825478077
1317;0.039252158254384995
1318;0.07156992703676224
1319;0.0034504951909184456
1320;0.032118234783411026
1321;-0.01644226722419262
1322;-0.11635131388902664
1323;-0.00687277689576149
1324;0.03697311878204346
1325;-0.03954704478383064
1326;0.0576663464307785
1327;-0.02815220132470131
1328;0.011633268557488918
1329;0.022072607651352882
1330;0.03494831919670105
1331;-0.00031704906723462045
1332;-0.03661353141069412
1333;-0.022411316633224487
1334;-0.02883976511657238
1335;0.03485533967614174
1336;0.011120259761810303
1337;-0.008342326618731022
1338;-0.013152644969522953
1339;-0.06577291339635849
1340;0.04151356965303421
1341;0.041316330432891846
1342;0.03254532441496849
1343;0.00696825934574008
1344;-0.01806965097784996
1345;0.010814500041306019
1346;-0.07283275574445724
1347;0.00671328604221344
1348;-0.003546509426087141
1349;-0.013036197051405907
1350;-0.011215212754905224
1351;0.016205517575144768
1352;0.0501871220767498
1353;0.045212674885988235
1354;0.015029109083116055
1355;-0.036718204617500305
1356;-0.057276997715234756
1357;-0.046989716589450836
1358;0.01626497134566307
1359;0.09773897379636765
1360;0.1619558036327362
1361;-0.2506447732448578
1362;-0.12240584194660187
1363;0.3809802532196045
1364;-0.2262536585330963
1365;-0.24209848046302795
1366;0.1157117486000061
1367;0.2116401493549347
1368;0.060129787772893906
1369;-0.22697728872299194
1370;-0.030820228159427643
1371;0.0730821043252945
1372;-0.027994493022561073
1373;0.07948152720928192
1374;0.12509052455425262
1375;0.09234574437141418
1376;-0.07194636762142181
1377;-0.1977207064628601
1378;0.023672979325056076
1379;-0.013081402517855167
1380;0.0347503237426281
1381;-0.06922787427902222
1382;0.01870149001479149
1383;0.11094768345355988
1384;0.09586551040410995
1385;-0.10196095705032349
1386;-0.05127992108464241
1387;-0.0071630016900599
1388;0.09877565503120422
1389;-0.002158600836992264
1390;-0.029474889859557152
1391;-0.08143166452646255
1392;-0.07223305851221085
1393;0.058358583599328995
1394;0.11803750693798065
1395;-0.016627348959445953
1396;-0.07161109149456024
1397;0.0032757774461060762
1398;-0.018678590655326843
1399;-0.012271922081708908
1400;0.04975907877087593
1401;0.01358506828546524
1402;0.0013341903686523438
1403;0.05217410624027252
1404;-0.012583470903337002
1405;0.009114593267440796
1406;-0.0320848748087883
1407;0.012907175347208977
1408;-0.029074139893054962
1409;-0.3710913062095642
1410;0.8299297094345093
1411;-0.9675943851470947
1412;-0.48264068365097046
1413;0.14495065808296204
1414;0.17494095861911774
1415;-0.034272585064172745
1416;0.029330119490623474
1417;-0.04558544605970383
1418;0.020201537758111954
1419;-0.10562116652727127
1420;0.059227343648672104
1421;0.05178374797105789
1422;0.03496550768613815
1423;-0.05292612314224243
1424;0.0391884408891201
1425;-0.058152053505182266
1426;-0.018647095188498497
1427;0.05900188162922859
1428;0.0335320420563221
1429;-0.09680987149477005
1430;-0.0038796886801719666
1431;0.20121164619922638
1432;-0.06883225589990616
1433;0.17535804212093353
1434;-0.05636189877986908
1435;-0.052687760442495346
1436;-0.006063277833163738
1437;0.029121434316039085
1438;0.05732510983943939
1439;0.02801402099430561
1440;-0.02863086387515068
1441;-0.021197080612182617
1442;-0.0870901495218277
1443;-0.001716132159344852
1444;0.011611506342887878
1445;0.04416847974061966
1446;0.026946814730763435
1447;-0.1354508250951767
1448;-0.029509782791137695
1449;0.13609915971755981
1450;0.056979209184646606
1451;-0.0029208774212747812
1452;0.004448272753506899
1453;-0.026025375351309776
1454;-0.09011849761009216
1455;0.06216863542795181
1456;0.014539268799126148
1457;-0.03937693312764168
1458;0.019143935292959213
1459;-0.048110365867614746
1460;0.009173808619379997
1461;0.009840888902544975
1462;0.04509178176522255
1463;0.026404593139886856
1464;-0.00200556218624115
1465;0.007150977849960327
1466;-0.028741778805851936
1467;-0.025517404079437256
1468;-0.012609072029590607
1469;-0.027814198285341263
1470;0.05369069427251816
1471;0.022246234118938446
1472;-0.027333155274391174
1473;0.016199739649891853
1474;-0.02457679621875286
1475;0.028536394238471985
1476;-0.01967078633606434
1477;-0.032381534576416016
1478;-0.02793966978788376
1479;0.010055908933281898
1480;0.056192561984062195
1481;0.024046534672379494
1482;0.018553845584392548
1483;0.012682466767728329
1484;-0.04406110569834709
1485;-0.020749595016241074
1486;0.0177417304366827
1487;-0.0484444722533226
1488;-0.052213918417692184
1489;0.05872013047337532
1490;0.07565262168645859
1491;-0.055938251316547394
1492;-0.05092689394950867
1493;0.019904088228940964
1494;0.06730756163597107
1495;0.028661660850048065
1496;-0.2110346257686615
1497;0.4209798574447632
1498;-0.43981069326400757
1499;0.30584433674812317
1500;-0.18305790424346924
1501;-0.03154749050736427
1502;0.12777388095855713
1503;-0.0043901619501411915
1504;0.07813668996095657
1505;-0.20057891309261322
1506;-0.009442390874028206
1507;0.10005082935094833
1508;-0.02521839365363121
1509;0.10175127536058426
1510;0.0748462900519371
1511;-0.0693168193101883
1512;-0.15282654762268066
1513;0.03748387470841408
1514;0.024393124505877495
1515;0.027109866961836815
1516;-0.054271116852760315
1517;0.08388331532478333
1518;0.0023866910487413406
1519;-0.0004663579456973821
1520;-0.01735866256058216
1521;0.001155028585344553
1522;-0.013520663604140282
1523;-0.02435898594558239
1524;0.00845029205083847
1525;0.0867076963186264
1526;0.034507639706134796
1527;-0.06507491320371628
1528;-0.057241592556238174
1529;-0.01492842473089695
1530;-0.018134746700525284
1531;0.0012335944920778275
1532;-0.0168760996311903
1533;0.07999573647975922
1534;-0.008079545572400093
1535;-0.009601839818060398
1536;0.023715203627943993
1537;-0.005381630267947912
1538;0.008901177905499935
1539;0.007689034566283226
1540;-0.002545315772294998
1541;-0.00927076768130064
1542;-0.002196542453020811
1543;-0.025968603789806366
1544;0.054058823734521866
1545;-0.44046908617019653
1546;0.8243669271469116
1547;-0.013387667015194893
1548;-0.35109102725982666
1549;-0.24081549048423767
1550;-0.05957081913948059
1551;0.26052790880203247
1552;0.11138343065977097
1553;0.11975430697202682
1554;-0.029911652207374573
1555;-0.15865594148635864
1556;-0.017630375921726227
1557;0.16675956547260284
1558;0.04011623188853264
1559;-0.18413354456424713
1560;-0.08557295054197311
1561;0.008756976574659348
1562;0.15020255744457245
1563;-0.00392322801053524
1564;-0.08534353971481323
1565;-0.09575338661670685
1566;-0.030872892588377
1567;0.1528322398662567
1568;0.135027214884758
1569;-0.11084771156311035
1570;0.047409538179636
1571;0.02527967095375061
1572;-0.08886608481407166
1573;-0.10270235687494278
1574;-0.00900028832256794
1575;0.09026728570461273
1576;0.1197752133011818
1577;-0.11777378618717194
1578;-0.015604453161358833
1579;0.0092726806178689
1580;0.07290749251842499
1581;0.03980414941906929
1582;-0.04535374417901039
1583;-0.14545349776744843
1584;-0.01613873615860939
1585;0.06915226578712463
1586;0.0741773173213005
1587;0.06780315190553665
1588;-0.01622599922120571
1589;0.0010694448137655854
1590;-0.11092965304851532
1591;-0.04596449434757233
1592;0.03784694895148277
1593;0.024513553828001022
1594;0.0681566670536995
1595;0.05489134043455124
1596;-0.02131539024412632
1597;-0.05687935650348663
1598;-0.1189458891749382
1599;0.0027771522291004658
1600;-0.01901109516620636
1601;0.03006136417388916
1602;0.12305814772844315
1603;0.11367730051279068
1604;-0.035352930426597595
1605;-0.10054326057434082
1606;-0.10839951783418655
1607;-0.016850318759679794
1608;0.02730405330657959
1609;0.019475778564810753
1610;0.02783946506679058
1611;-0.008702925406396389
1612;-0.0017863083630800247
1613;-0.001129830488935113
1614;0.034676842391490936
1615;0.042522042989730835
1616;-0.02608495019376278
1617;0.03288392350077629
1618;-0.026536833494901657
1619;0.0014678211882710457
1620;-0.00481403199955821
1621;-0.1649719923734665
1622;0.571913480758667
1623;-0.9421407580375671
1624;0.8218035101890564
1625;-0.2562621235847473
1626;-0.13983537256717682
1627;0.11297714710235596
1628;-0.00546303391456604
1629;0.22247858345508575
1630;-0.1968769133090973
1631;0.006954734213650227
1632;0.05424400418996811
1633;0.058796241879463196
1634;-0.20604971051216125
1635;0.045669592916965485
1636;-0.09702420234680176
1637;0.06820552796125412
1638;0.12972572445869446
1639;0.17088337242603302
1640;-0.15051856637001038
1641;-0.2601218521595001
1642;0.0811847373843193
1643;0.05728273093700409
1644;0.09159829467535019
1645;0.04665720462799072
1646;-0.014860298484563828
1647;-0.09639647603034973
1648;-0.007009936962276697
1649;0.00930563174188137
1650;0.10420873761177063
1651;0.013620655052363873
1652;-0.1638682335615158
1653;-0.07783553004264832
1654;0.08438948541879654
1655;0.08641663193702698
1656;-0.011292403563857079
1657;-0.06809951364994049
1658;-0.04863576591014862
1659;-0.017276087775826454
1660;-0.007959386333823204
1661;0.03119269572198391
1662;0.1078127771615982
1663;0.04905816167593002
1664;-0.03378443792462349
1665;0.0025045014917850494
1666;-0.09861581772565842
1667;0.28446492552757263
1668;-1.0091941356658936
1669;0.873505175113678
1670;0.01017550565302372
1671;-0.3921288549900055
1672;-0.12638045847415924
1673;0.05330457165837288
1674;0.21934673190116882
1675;-0.06897681951522827
1676;-0.06902851909399033
1677;0.018548205494880676
1678;-0.007796159945428371
1679;-0.0014324609655886889
1680;0.04512309283018112
1681;0.012837987393140793
1682;0.04702076315879822
1683;-0.07355652749538422
1684;0.008779337629675865
1685;-0.0973971039056778
1686;0.03132845461368561
1687;-0.03559473901987076
1688;0.052508533000946045
1689;0.012497708201408386
1690;0.04124373942613602
1691;0.014318998903036118
1692;0.07272833585739136
1693;-0.0021569652017205954
1694;-0.1513550877571106
1695;0.0034125088714063168
1696;-0.024779891595244408
1697;0.12012523412704468
1698;0.06655824184417725
1699;-0.05457240343093872
1700;-0.09694026410579681
1701;-0.08381998538970947
1702;0.0478283166885376
1703;0.06771255284547806
1704;-0.05287952721118927
1705;0.024627959355711937
1706;0.02295416221022606
1707;0.118320994079113
1708;-0.08257971704006195
1709;-0.042992834001779556
1710;0.01327984407544136
1711;0.018576249480247498
1712;0.003018345683813095
1713;-0.07351035624742508
1714;-0.034617986530065536
1715;0.04943660646677017
1716;0.08010169118642807
1717;-0.05626893416047096
1718;-0.006274865008890629
1719;-0.01425583753734827
1720;-0.001913989894092083
1721;0.05675210803747177
1722;-0.044637106359004974
1723;-0.014558237046003342
1724;0.005270849913358688
1725;-0.004462630953639746
1726;0.06895986199378967
1727;-0.02973928488790989
1728;-0.03352726250886917
1729;-0.019092772156000137
1730;0.015945006161928177
1731;-0.0016839418094605207
1732;0.021266940981149673
1733;0.04633891582489014
1734;0.02097950130701065
1735;-0.08910718560218811
1736;-0.06136464327573776
1737;0.01856289617717266
1738;0.058373019099235535
1739;0.03279581293463707
1740;0.026186542585492134
1741;0.00622822530567646
1742;-0.05525010824203491
1743;-0.020814664661884308
1744;0.029660221189260483
1745;-0.020342491567134857
1746;0.02510884776711464
1747;-0.06281118094921112
1748;-0.03628847002983093
1749;0.05390913784503937
1750;0.023115292191505432
1751;0.01244673877954483
1752;-0.00997863058000803
1753;0.041804827749729156
1754;-0.02255939319729805
1755;0.09298649430274963
1756;0.16285385191440582
1757;-0.679519534111023
1758;0.854777455329895
1759;-0.3034436106681824
1760;-0.41464096307754517
1761;0.30859893560409546
1762;0.2201574146747589
1763;0.12860897183418274
1764;-0.48210272192955017
1765;0.11343083530664444
1766;0.18140563368797302
1767;-0.100273497402668
1768;0.0707969218492508
1769;0.06698328256607056
1770;-0.07603777945041656
1771;-0.08254116773605347
1772;0.07347658276557922
1773;0.03637797012925148
1774;0.015141505748033524
1775;-0.014574095606803894
1776;-0.07757370918989182
1777;-0.018353277817368507
1778;-0.0263364240527153
1779;0.11669649183750153
1780;-0.001235100207850337
1781;0.06863555312156677
1782;-0.09964609146118164
1783;0.11632638424634933
1784;-0.07967567443847656
1785;-0.08242238312959671
1786;-0.004770975559949875
1787;0.04491709917783737
1788;0.019744446501135826
1789;-0.08750761300325394
1790;-0.05463283136487007
1791;0.052500784397125244
1792;0.06320766359567642
1793;0.08488933742046356
1794;-0.024114321917295456
1795;-0.07844943553209305
1796;-0.010858576744794846
1797;0.008881494402885437
1798;0.03576304391026497
1799;0.017399365082383156
1800;-0.044996608048677444
1801;0.39098504185676575
1802;-0.9542310237884521
1803;0.7745521068572998
1804;-0.07435178011655807
1805;-0.038848891854286194
1806;-0.2554748058319092
1807;-0.04035652056336403
1808;0.008692163974046707
1809;0.06808757781982422
1810;-0.005664770491421223
1811;0.06116016209125519
1812;-0.045494694262742996
1813;-0.07029857486486435
1814;0.0038305819034576416
1815;0.05887897312641144
1816;0.1084156483411789
1817;0.011552810668945312
1818;-0.08861340582370758
1819;-0.10282737761735916
1820;0.030374720692634583
1821;0.061208195984363556
1822;-0.07805091142654419
1823;0.012477008625864983
1824;0.051442090421915054
1825;0.04012535512447357
1826;-0.009846547618508339
1827;0.05014166608452797
1828;0.0076019009575247765
1829;-0.06715903431177139
1830;-0.0905860885977745
1831;0.012533591128885746
1832;0.012532426975667477
1833;0.06727190315723419
1834;0.007837025448679924
1835;0.0836649164557457
1836;0.04584762826561928
1837;-0.18580923974514008
1838;0.02289634197950363
1839;-0.06193917244672775
1840;-0.02083844691514969
1841;0.08495680242776871
1842;-0.004232708364725113
1843;0.012602172791957855
1844;0.012570017948746681
1845;0.08558245003223419
1846;0.014059008099138737
1847;-0.04124528542160988
1848;-0.03795497864484787
1849;-0.007248392328619957
1850;-0.03646252304315567
1851;0.048975441604852676
1852;-0.04054266959428787
1853;-0.0016169357113540173
1854;-0.0060734529979527
1855;0.04104495048522949
1856;0.03761519119143486
1857;-0.052120886743068695
1858;-0.031192485243082047
1859;-0.050469107925891876
1860;0.005469169467687607
1861;0.04859619587659836
1862;0.02002747729420662
1863;0.014200023375451565
1864;0.020202290266752243
1865;-0.02983924373984337
1866;0.0030904088634997606
1867;-0.039867449551820755
1868;0.006241569761186838
1869;-0.014784797094762325
1870;0.04839388281106949
1871;0.011652194894850254
1872;-0.04030817002058029
1873;-0.030440278351306915
1874;-0.029993288218975067
1875;0.019072825089097023
1876;0.031386636197566986
1877;-0.002009708434343338
1878;0.014220679178833961
1879;-0.003044441342353821
1880;-0.014134488999843597
1881;0.0028514834120869637
1882;-0.01663143001496792
1883;0.03193345293402672
1884;0.019862737506628036
1885;0.001975651830434799
1886;-0.062379803508520126
1887;-0.007892627269029617
1888;0.04925186187028885
1889;0.08092208206653595
1890;-0.32048553228378296
1891;0.4288492202758789
1892;0.0802600309252739
1893;-0.2695116698741913
1894;0.2038974165916443
1895;-0.12615501880645752
1896;-0.15987896919250488
1897;-0.12577414512634277
1898;0.10555849969387054
1899;0.07516158372163773
1900;0.0470418706536293
1901;0.014231422916054726
1902;-0.004885321483016014
1903;0.14111199975013733
1904;0.024219227954745293
1905;-0.07379408180713654
1906;-0.12195133417844772
1907;0.06141067296266556
1908;-0.021662456914782524
1909;0.005135077051818371
1910;-0.11317643523216248
1911;0.033271852880716324
1912;0.07287449389696121
1913;0.14011366665363312
1914;-0.03022487461566925
1915;-0.12225286662578583
1916;-0.051615238189697266
1917;0.017173873260617256
1918;0.04256901517510414
1919;0.07955216616392136
1920;-0.05104612559080124
1921;-0.035105474293231964
1922;-0.07596743106842041
1923;-0.03349669277667999
1924;0.05250650644302368
1925;-0.011035007424652576
1926;0.0462188795208931
1927;0.0013200388057157397
1928;0.016470778733491898
1929;0.028364520519971848
1930;0.004704243037849665
1931;0.0340343676507473
1932;-0.06935275346040726
1933;-0.060077790170907974
1934;-0.16936996579170227
1935;-0.22489774227142334
1936;0.8569375276565552
1937;-0.5365152359008789
1938;-0.8895013928413391
1939;0.2538214921951294
1940;0.3713267743587494
1941;0.03459669277071953
1942;-0.014290191233158112
1943;0.2191639095544815
1944;-0.17487311363220215
1945;-0.29116126894950867
1946;-0.08495201170444489
1947;0.08420804888010025
1948;0.17819646000862122
1949;-0.06199606508016586
1950;-0.060294728726148605
1951;0.006119223777204752
1952;-0.03663630038499832
1953;0.0351119190454483
1954;0.019213687628507614
1955;0.12352598458528519
1956;-0.025729425251483917
1957;0.0869552344083786
1958;-0.04085075482726097
1959;-0.0573202446103096
1960;-0.07474352419376373
1961;0.007326285354793072
1962;-0.1236400455236435
1963;-0.12148535996675491
1964;0.1892186999320984
1965;0.0872022807598114
1966;-0.005086582154035568
1967;-0.00813579373061657
1968;0.09620093554258347
1969;0.02944006212055683
1970;-0.05782247334718704
1971;-0.06100884824991226
1972;-0.06067090854048729
1973;-0.008678384125232697
1974;-0.004700669087469578
1975;-0.07413738965988159
1976;0.16092732548713684
1977;-0.07974089682102203
1978;-0.045634280890226364
1979;0.017323104664683342
1980;0.18292120099067688
1981;0.01937078684568405
1982;0.0022715842351317406
1983;0.02848728373646736
1984;-0.034304164350032806
1985;-0.16199879348278046
1986;0.003177384380251169
1987;0.04591439664363861
1988;0.027369413524866104
1989;-0.035217687487602234
1990;-0.0187243465334177
1991;-0.06038006395101547
1992;-0.004779561422765255
1993;0.0809258222579956
1994;0.09096802026033401
1995;0.039184220135211945
1996;-0.05490780621767044
1997;-0.05133749544620514
1998;-0.0007796883583068848
1999;-0.005305422004312277
2000;-0.0048508853651583195
2001;0.01260715164244175
2002;0.08169202506542206
2003;0.03336070105433464
2004;-0.06088878959417343
2005;-0.00921121146529913
2006;-0.03374667465686798
2007;-0.0892992615699768
2008;-0.006287811324000359
2009;0.08366072922945023
2010;0.06705498695373535
2011;0.028535082936286926
2012;-0.010755346156656742
2013;-0.06770166754722595
2014;-0.03494591265916824
2015;-0.027738135308027267
2016;0.0034899800084531307
2017;0.05624033883213997
2018;0.06053593009710312
2019;0.0614250972867012
2020;-0.3485824167728424
2021;0.20049113035202026
2022;0.4464167356491089
2023;-0.6194102168083191
2024;0.422667533159256
2025;-0.2112451195716858
2026;-0.21922139823436737
2027;0.03261387720704079
2028;0.270048588514328
2029;-0.03266942501068115
2030;-0.1970898061990738
2031;0.0071655442006886005
2032;0.11693857610225677
2033;0.24610505998134613
2034;-0.03355129063129425
2035;-0.14523260295391083
2036;-0.09056523442268372
2037;0.01835807040333748
2038;0.008852300234138966
2039;-0.1267569214105606
2040;0.028359893709421158
2041;0.130045086145401
2042;-0.0017896783538162708
2043;0.005735162645578384
2044;0.04104149714112282
2045;-0.00018833343347068876
2046;-0.01962612010538578
2047;-0.008656058460474014
2048;0.08905340731143951
2049;-0.010580343194305897
2050;-0.10246741771697998
2051;-0.15124619007110596
2052;-0.01855897344648838
2053;0.07511036843061447
2054;0.08272455632686615
2055;0.07454752922058105
2056;-0.0675576776266098
2057;-0.009984005242586136
2058;0.015964124351739883
2059;0.023610305041074753
2060;-0.053654517978429794
2061;0.04568922892212868
2062;-0.006117223761975765
2063;-0.0524602010846138
2064;-0.16199246048927307
2065;0.4182039201259613
2066;0.04997905343770981
2067;-0.05239495635032654
2068;-0.47137343883514404
2069;-0.0068039968609809875
2070;0.25021564960479736
2071;-0.31299924850463867
2072;0.1127164289355278
2073;0.43934333324432373
2074;0.008183907717466354
2075;-0.3137335479259491
2076;-0.1354520618915558
2077;0.010837871581315994
2078;0.11800780147314072
2079;0.03635697811841965
2080;-0.0676361545920372
2081;0.022834597155451775
2082;0.0034525059163570404
2083;-0.04128260537981987
2084;0.11230264604091644
2085;-0.004888765513896942
2086;0.02462548017501831
2087;0.006680200342088938
2088;-0.15547849237918854
2089;0.04610356315970421
2090;0.04150465875864029
2091;0.06262101233005524
2092;0.02126496285200119
2093;-0.04345262795686722
2094;-0.1044430211186409
2095;0.10440347343683243
2096;0.033098217099905014
2097;-0.08949034661054611
2098;-0.15082857012748718
2099;0.07503307610750198
2100;-0.006401240825653076
2101;-0.0030035690870136023
2102;0.03799332305788994
2103;0.10633630305528641
2104;-0.0018446221947669983
2105;-0.09652002155780792
2106;-0.0006000017747282982
2107;0.01888001710176468
2108;-0.020211411640048027
2109;0.031549230217933655
2110;0.0005573965609073639
2111;-0.048645682632923126
2112;0.059138067066669464
2113;0.008319174870848656
2114;-0.08651164919137955
2115;-0.057729724794626236
2116;0.08398358523845673
2117;0.13081105053424835
2118;0.05482492595911026
2119;-0.15281051397323608
2120;-0.12329885363578796
2121;0.11428962647914886
2122;0.04658167064189911
2123;-0.04382304847240448
2124;0.004866620525717735
2125;-0.0419304296374321
2126;-0.06645829975605011
2127;0.053610123693943024
2128;0.000627271831035614
2129;0.0008389099384658039
2130;-0.0016887451056391
2131;0.011348494328558445
2132;0.02786579541862011
2133;0.05117558687925339
2134;-0.000589802279137075
2135;-0.034738026559352875
2136;-0.0639578178524971
2137;-0.0318162702023983
2138;-0.061402007937431335
2139;0.05434466898441315
2140;0.11191461235284805
2141;0.03954998403787613
2142;-0.01128360815346241
2143;-0.020902030169963837
2144;-0.030602429062128067
2145;-0.04827188700437546
2146;-0.040658123791217804
2147;0.08714843541383743
2148;0.04920172691345215
2149;0.02878708764910698
2150;-0.004603221081197262
2151;-0.06778540462255478
2152;0.035623084753751755
2153;0.053066328167915344
2154;-0.2709864377975464
2155;0.31466272473335266
2156;-0.08340013027191162
2157;0.14429256319999695
2158;-0.27197617292404175
2159;-0.01457270234823227
2160;0.08050990849733353
2161;-0.01204011496156454
2162;0.07650353014469147
2163;0.049114447087049484
2164;0.027686772868037224
2165;-0.07270672917366028
2166;0.023924410343170166
2167;0.03680863976478577
2168;-0.0033964142203330994
2169;-0.09742087870836258
2170;-0.07000523060560226
2171;-0.018608953803777695
2172;0.033830564469099045
2173;0.10108308494091034
2174;-0.028200218454003334
2175;-0.01674029603600502
2176;0.06389420479536057
2177;0.06784401834011078
2178;0.008372621610760689
2179;-0.10081586241722107
2180;-0.044664207845926285
2181;-0.10267334431409836
2182;-0.01223266962915659
2183;0.0493638813495636
2184;0.04536665976047516
2185;-0.024184422567486763
2186;0.011820237152278423
2187;-0.021172285079956055
2188;-0.01406091172248125
2189;0.03471393883228302
2190;0.09813067317008972
2191;-0.02805216982960701
2192;-0.10694706439971924
2193;0.008655641227960587
2194;0.06401750445365906
2195;-0.03389456495642662
2196;0.603125810623169
2197;-0.8257135152816772
2198;0.6441851854324341
2199;-0.3637103736400604
2200;0.1110016256570816
2201;-0.09741784632205963
2202;0.23189936578273773
2203;-0.07164038717746735
2204;-0.1686931699514389
2205;0.058199670165777206
2206;-0.019271431490778923
2207;0.12814781069755554
2208;-0.046568840742111206
2209;-0.08069798350334167
2210;0.006597721017897129
2211;0.025520041584968567
2212;0.012596145272254944
2213;0.03455293923616409
2214;-0.005280833225697279
2215;-0.04498497396707535
2216;-0.07015040516853333
2217;0.03192158788442612
2218;0.057959746569395065
2219;0.040818993002176285
2220;-0.022172318771481514
2221;0.0004049227572977543
2222;0.02077130228281021
2223;-0.0017593640368431807
2224;0.06438972055912018
2225;-0.13049153983592987
2226;-0.022158266976475716
2227;-0.020278137177228928
2228;0.03961118310689926
2229;0.029017437249422073
2230;0.026785487309098244
2231;-0.04786710441112518
2232;-0.012958874925971031
2233;0.0830889567732811
2234;-0.009490578435361385
2235;-0.05229053646326065
2236;0.002995290793478489
2237;0.043074678629636765
2238;0.022928234189748764
2239;-0.014719072729349136
2240;-0.08852646499872208
2241;0.006541632115840912
2242;0.014558076858520508
2243;0.03807826340198517
2244;-0.013926491141319275
2245;-0.004063351079821587
2246;0.004018776584416628
2247;0.05312562361359596
2248;0.017626794055104256
2249;-0.007223018445074558
2250;-0.048253804445266724
2251;-0.02152371220290661
2252;-0.03237774223089218
2253;-0.05314474552869797
2254;0.028373124077916145
2255;0.11050708591938019
2256;-0.01592317968606949
2257;-0.05132712796330452
2258;-0.03556603193283081
2259;0.054147928953170776
2260;0.04392554983496666
2261;-0.0046951742842793465
2262;-0.03643535077571869
2263;-0.04350912570953369
2264;-0.010518789291381836
2265;0.04440123960375786
2266;-0.0019512106664478779
2267;0.01952451467514038
2268;-0.022682491689920425
2269;-0.0220765620470047
2270;-0.0015809056349098682
2271;0.006839174777269363
2272;-0.003607954131439328
2273;0.016143640503287315
2274;-0.006649943068623543
2275;0.010629390366375446
2276;-0.01065895240753889
2277;-0.03491035848855972
2278;0.013036726973950863
2279;0.019597606733441353
2280;0.04823094233870506
2281;0.12772762775421143
2282;-0.5179728269577026
2283;0.6031470894813538
2284;-0.09245269745588303
2285;-0.30921339988708496
2286;0.18856549263000488
2287;-0.0439828597009182
2288;0.1291675567626953
2289;-0.2850697934627533
2290;-0.13659512996673584
2291;0.2800930142402649
2292;0.008454838767647743
2293;0.045801784843206406
2294;-0.024611778557300568
2295;0.08486234396696091
2296;0.04636427387595177
2297;-0.09840178489685059
2298;0.0018845945596694946
2299;-0.04122874140739441
2300;-0.09176469594240189
2301;-0.06032959744334221
2302;0.026095550507307053
2303;0.03976684808731079
2304;0.12645864486694336
2305;0.045843273401260376
2306;0.0144468042999506
2307;-0.0077359313145279884
2308;-0.03815016150474548
2309;-0.0401899628341198
2310;0.032549984753131866
2311;-0.05052197724580765
2312;-0.11020981520414352
2313;0.051510848104953766
2314;0.002688427222892642
2315;-0.03182556852698326
2316;0.03063916601240635
2317;0.05820130184292793
2318;0.005796762183308601
2319;-0.016266774386167526
2320;0.040868934243917465
2321;-0.010570043697953224
2322;-0.011022791266441345
2323;-0.005492179188877344
2324;0.013333803042769432
2325;0.0007750801742076874
2326;-0.08744169026613235
2327;0.3329372704029083
2328;-0.9441312551498413
2329;0.7800081372261047
2330;-0.20431283116340637
2331;-0.12063504010438919
2332;-0.17846550047397614
2333;-0.10129528492689133
2334;0.06109987571835518
2335;0.0444527193903923
2336;0.04588888958096504
2337;-0.06090744584798813
2338;0.04384520649909973
2339;-0.09689965099096298
2340;0.08048052340745926
2341;0.09395650774240494
2342;0.11862090229988098
2343;-0.16893544793128967
2344;-0.1929684728384018
2345;-0.10026422142982483
2346;0.12836894392967224
2347;0.16120511293411255
2348;0.1024978905916214
2349;-0.01880599558353424
2350;-0.06057831272482872
2351;-0.047377146780490875
2352;-0.009822549298405647
2353;-0.058151114732027054
2354;-0.0678529143333435
2355;-0.032134123146533966
2356;0.14108629524707794
2357;0.07566659152507782
2358;0.0929221510887146
2359;-0.06285801529884338
2360;0.015122689306735992
2361;-0.053628385066986084
2362;-0.19787493348121643
2363;-0.11474207043647766
2364;0.0670585110783577
2365;0.1253616064786911
2366;0.029333462938666344
2367;0.13929589092731476
2368;0.012128720059990883
2369;0.0025714270304888487
2370;-0.07152794301509857
2371;-0.12596261501312256
2372;-0.06184567138552666
2373;-0.014063739217817783
2374;0.049853596836328506
2375;0.12340961396694183
2376;0.13242383301258087
2377;0.019456854090094566
2378;-0.09640273451805115
2379;-0.07224326580762863
2380;-0.055608976632356644
2381;-0.09278549253940582
2382;-0.015164457261562347
2383;0.08850695192813873
2384;0.13324014842510223
2385;0.05288664996623993
2386;-0.0781988725066185
2387;-0.02418825589120388
2388;0.0244058296084404
2389;-0.09281063824892044
2390;-0.04164737090468407
2391;0.003120291978120804
2392;0.061893709003925323
2393;0.06604529917240143
2394;0.0003076726570725441
2395;0.019746843725442886
2396;-0.006723408587276936
2397;-0.07992015033960342
2398;-0.012077169492840767
2399;-0.0183270201086998
2400;0.01820692978799343
2401;-0.006855888292193413
2402;0.0444667674601078
2403;0.1084665060043335
2404;0.008950659073889256
2405;-0.08272073417901993
2406;-0.12030182033777237
2407;-0.005275940056890249
2408;0.060520611703395844
2409;0.003467538394033909
2410;0.03796186298131943
2411;-0.06133991479873657
2412;0.040469348430633545
2413;0.08153676986694336
2414;0.052801713347435
2415;-0.06443816423416138
2416;-0.005124710500240326
2417;0.054272010922431946
2418;-0.4856392741203308
2419;0.37385883927345276
2420;0.23644354939460754
2421;-0.15806643664836884
2422;0.16727693378925323
2423;-0.11370550096035004
2424;-0.06555195152759552
2425;-0.27659162878990173
2426;0.07250938564538956
2427;0.21088819205760956
2428;-0.004096653312444687
2429;0.06375623494386673
2430;-0.03465597704052925
2431;0.04943111538887024
2432;0.025314413011074066
2433;-0.01752638630568981
2434;-0.017848540097475052
2435;-0.14891278743743896
2436;-0.1631031185388565
2437;0.08741583675146103
2438;0.1638539880514145
2439;0.18525342643260956
2440;-0.012172147631645203
2441;-0.11191236972808838
2442;-0.014838600531220436
2443;-0.0021394826471805573
2444;-0.03908884897828102
2445;-0.10878896713256836
2446;0.008462048135697842
2447;0.07459211349487305
2448;-0.05939909815788269
2449;0.034875039011240005
2450;0.12115166336297989
2451;-0.07422371208667755
2452;-0.10578959435224533
2453;-0.05938359349966049
2454;-0.012490006163716316
2455;0.09272336214780807
2456;0.13098673522472382
2457;-0.012402215041220188
2458;-0.03979629650712013
2459;-0.00456785736605525
2460;0.031216800212860107
2461;0.022890478372573853
2462;-0.1998899132013321
2463;0.2087637186050415
2464;-0.015253476798534393
2465;0.12257072329521179
2466;-0.23430410027503967
2467;0.07468868046998978
2468;-0.12884923815727234
2469;0.01285230740904808
2470;-0.07740876823663712
2471;0.07209944725036621
2472;0.04901433363556862
2473;-0.0721665471792221
2474;-0.1763884276151657
2475;0.05270792916417122
2476;0.16365094482898712
2477;0.1067190021276474
2478;0.031404633074998856
2479;-0.03489302098751068
2480;-0.06933038681745529
2481;-0.07611670345067978
2482;-0.09182306379079819
2483;0.004124661907553673
2484;0.14472435414791107
2485;0.11694777011871338
2486;-0.10859658569097519
2487;-0.10302411764860153
2488;0.040426116436719894
2489;0.06529408693313599
2490;0.10733135044574738
2491;-0.03883953019976616
2492;-0.230108842253685
2493;-0.05038335174322128
2494;0.12776437401771545
2495;0.11569701880216599
2496;0.0354774072766304
2497;-0.01229941938072443
2498;-0.02939385361969471
2499;-0.12300129234790802
2500;0.013436874374747276
2501;0.06800046563148499
2502;-0.024217672646045685
2503;0.016202427446842194
2504;-0.06618919968605042
2505;0.009006141684949398
2506;0.07919466495513916
2507;0.019968055188655853
2508;-0.004343380685895681
2509;-0.035806141793727875
2510;0.011357384733855724
2511;-0.03610699623823166
2512;0.052423931658267975
2513;-0.009828787297010422
2514;-0.036170922219753265
2515;-0.03225220739841461
2516;-0.021319841966032982
2517;0.03743836283683777
2518;0.08031411468982697
2519;-0.025654539465904236
2520;-0.07896007597446442
2521;0.0023846998810768127
2522;0.04132082313299179
2523;0.018367955461144447
2524;-0.004248849116265774
2525;-0.043420542031526566
2526;-0.01390859391540289
2527;0.014593073166906834
2528;0.03843995928764343
2529;-0.00900324434041977
2530;-0.00019684294238686562
2531;-0.005161954555660486
2532;-0.015025058761239052
2533;-0.0017297413432970643
2534;0.016070358455181122
2535;-0.010697228834033012
2536;0.026993688195943832
2537;-0.009385943412780762
2538;-0.0071668317541480064
2539;0.001985331531614065
2540;0.014576680026948452
2541;0.02866457961499691
2542;-0.0037233252078294754
2543;0.01031185407191515
2544;-0.03538321331143379
2545;-0.03214960917830467
2546;-0.0035920534282922745
2547;0.01821460761129856
2548;0.04065707325935364
2549;-0.0047654053196311
2550;-0.04360268637537956
2551;0.015509046614170074
2552;0.059588897973299026
2553;0.044776204973459244
2554;-0.2178344875574112
2555;0.23674938082695007
2556;-0.06790068000555038
2557;-0.11321506649255753
2558;-0.02856188453733921
2559;-0.10345041751861572
2560;0.285290390253067
2561;0.013648387044668198
2562;-0.21374797821044922
2563;-0.1460402011871338
2564;0.007623891346156597
2565;0.1675620973110199
2566;0.02337321639060974
2567;0.05054033547639847
2568;0.053487587720155716
2569;-0.0054741716012358665
2570;-0.03953510895371437
2571;-0.08143617957830429
2572;0.032877422869205475
2573;-0.027635138481855392
2574;-0.04904797673225403
2575;-0.09719663858413696
2576;0.13554003834724426
2577;0.08816774189472198
2578;0.005332669243216515
2579;-0.01951741985976696
2580;0.0081450454890728
2581;-0.031755298376083374
2582;-0.010826241225004196
2583;0.010534891858696938
2584;-0.07805957645177841
2585;-0.05612707510590553
2586;0.04588799178600311
2587;-0.00016153603792190552
2588;0.07127019762992859
2589;-0.023172931745648384
2590;-0.04183511808514595
2591;-0.008700220845639706
2592;-0.040387995541095734
2593;0.09595292806625366
2594;0.06193273514509201
2595;-0.045535892248153687
2596;-0.058883339166641235
2597;-0.017567850649356842
2598;0.011883891187608242
2599;-0.010112063027918339
2600;0.21556591987609863
2601;-0.9008916616439819
2602;1.0076669454574585
2603;-0.02436908520758152
2604;-0.6474374532699585
2605;-0.0991649329662323
2606;0.16916747391223907
2607;0.1522441804409027
2608;-0.058451950550079346
2609;-0.02433844842016697
2610;0.025494182482361794
2611;-0.0767875611782074
2612;0.055363185703754425
2613;-0.05266173556447029
2614;0.10790275782346725
2615;0.047489337623119354
2616;-0.15545722842216492
2617;-0.08926226198673248
2618;0.06595993787050247
2619;0.07298702001571655
2620;-0.05090351402759552
2621;0.012057600542902946
2622;0.023556290194392204
2623;0.10122004896402359
2624;0.05467323958873749
2625;-0.10611782968044281
2626;-0.08062439411878586
2627;-0.014403539709746838
2628;-0.034212563186883926
2629;0.08471711724996567
2630;0.015714840963482857
2631;0.027126213535666466
2632;-0.026484280824661255
2633;0.03753814101219177
2634;-0.02851056680083275
2635;-0.06826312839984894
2636;-0.011920597404241562
2637;0.0740932747721672
2638;-0.01638585887849331
2639;-0.02971288189291954
2640;0.06407397985458374
2641;-0.015909163281321526
2642;-0.008800842799246311
2643;0.05874045565724373
2644;-0.031834062188863754
2645;-0.023284945636987686
2646;-0.02159888483583927
2647;-0.07730739563703537
2648;0.049476344138383865
2649;0.10616210103034973
2650;0.02737385779619217
2651;-0.05853176489472389
2652;-0.03196188062429428
2653;0.011583328247070312
2654;0.02014760859310627
2655;-0.011765103787183762
2656;-0.0989340990781784
2657;-0.007880738005042076
2658;0.09207545965909958
2659;0.008382617495954037
2660;0.022528398782014847
2661;0.009086824022233486
2662;0.03679671883583069
2663;-0.04417526349425316
2664;-0.05162134766578674
2665;0.0015056543052196503
2666;-0.02938324585556984
2667;0.02092226967215538
2668;-0.017355376854538918
2669;-0.017615539953112602
2670;0.013137975707650185
2671;0.032135020941495895
2672;0.009048517793416977
2673;0.021049488335847855
2674;0.03645745664834976
2675;-0.02573677897453308
2676;-0.014000548049807549
2677;-0.018456734716892242
2678;-0.01368649397045374
2679;-0.02181963250041008
2680;0.002366843167692423
2681;0.012411076575517654
2682;0.02646126039326191
2683;-0.020327014848589897
2684;-0.035409390926361084
2685;0.025362327694892883
2686;0.011624756269156933
2687;0.036667078733444214
2688;-0.04477890953421593
2689;-0.00872523058205843
2690;-0.04654732346534729
2691;0.3066200911998749
2692;-0.3616519868373871
2693;0.2601194679737091
2694;-0.2817986309528351
2695;0.19981856644153595
2696;-0.058945611119270325
2697;0.03678276389837265
2698;-0.03635384887456894
2699;-0.07117537409067154
2700;0.07249083369970322
2701;-0.0596422404050827
2702;0.057609062641859055
2703;0.1385621577501297
2704;0.050501711666584015
2705;-0.09740322828292847
2706;-0.11188282072544098
2707;-0.02721497230231762
2708;-0.02762608975172043
2709;0.02312416583299637
2710;0.057554908096790314
2711;0.02202272042632103
2712;0.03431040048599243
2713;0.04204769805073738
2714;0.026069387793540955
2715;-0.0752381756901741
2716;-0.09870733320713043
2717;-0.026662854477763176
2718;0.008221312426030636
2719;0.041039030998945236
2720;0.03785102069377899
2721;0.05052262544631958
2722;0.04592709243297577
2723;-0.06951559334993362
2724;-0.06224549934267998
2725;-0.024515360593795776
2726;-0.010217760689556599
2727;-0.009551860392093658
2728;0.04091145098209381
2729;0.1086416244506836
2730;0.04871048405766487
2731;0.009046491235494614
2732;-0.11879828572273254
2733;-0.06126075237989426
2734;-0.14082491397857666
2735;0.41836678981781006
2736;-0.03141742944717407
2737;-0.46273335814476013
2738;0.006761304102838039
2739;0.37081071734428406
2740;0.07176843285560608
2741;-0.2960342764854431
2742;-0.11734520643949509
2743;0.18127605319023132
2744;-0.17683416604995728
2745;-0.0878535732626915
2746;0.039035163819789886
2747;0.2012639194726944
2748;0.1301754117012024
2749;-0.06710939854383469
2750;-0.05468451976776123
2751;-0.11003929376602173
2752;-0.15894225239753723
2753;0.09981955587863922
2754;0.12829220294952393
2755;-0.00422211829572916
2756;-0.00829664058983326
2757;-0.03365352377295494
2758;0.02238188497722149
2759;0.0875294953584671
2760;-0.02518194168806076
2761;-0.08853670954704285
2762;-0.094400554895401
2763;-0.08758155256509781
2764;0.08422186970710754
2765;0.16088318824768066
2766;0.048481762409210205
2767;-0.08466256409883499
2768;-0.08991208672523499
2769;0.004628513474017382
2770;0.05127870664000511
2771;0.007953066378831863
2772;0.09494597464799881
2773;0.017379989847540855
2774;-0.1147439032793045
2775;0.0025526457466185093
2776;-0.0081983283162117
2777;0.004845629911869764
2778;-0.00893059279769659
2779;0.007182733621448278
2780;-0.014261824078857899
2781;-0.009722664020955563
2782;0.027411088347434998
2783;0.09336020052433014
2784;0.03699049353599548
2785;-0.08984263241291046
2786;-0.022026311606168747
2787;-0.021670276299118996
2788;0.006753968540579081
2789;-0.014808687381446362
2790;-0.05071496590971947
2791;0.05932370200753212
2792;0.0485529899597168
2793;-0.005153185687959194
2794;-0.03428379446268082
2795;0.026293441653251648
2796;0.03403869643807411
2797;-0.05148442089557648
2798;-0.05082644894719124
2799;-0.007838867604732513
2800;0.0010991916060447693
2801;0.02822037786245346
2802;0.04456579312682152
2803;-0.006279241293668747
2804;-0.010162316262722015
2805;-0.01193445548415184
2806;-0.028377939015626907
2807;0.006347610615193844
2808;-0.0009907521307468414
2809;0.03651425987482071
2810;-0.0187356136739254
2811;-0.013837248086929321
2812;0.025598367676138878
2813;0.005395617336034775
2814;-0.00373135507106781
2815;-0.01178816705942154
2816;0.00039441976696252823
2817;0.006763377692550421
2818;-0.053190670907497406
2819;0.03162849321961403
2820;0.050279174000024796
2821;-0.04145143926143646
2822;0.08461636304855347
2823;-0.1948462575674057
2824;-0.008534632623195648
2825;0.30399006605148315
2826;-0.37641188502311707
2827;0.3378845155239105
2828;-0.19191521406173706
2829;-0.1446409672498703
2830;0.09089622646570206
2831;0.132146954536438
2832;-0.013531317934393883
2833;-0.10614964365959167
2834;0.0836513563990593
2835;-0.06405876576900482
2836;0.06310713291168213
2837;0.05941599979996681
2838;0.06064779311418533
2839;-0.02126508578658104
2840;-0.07155101746320724
2841;-0.07570198178291321
2842;0.05151116102933884
2843;-0.042112234979867935
2844;-0.039716631174087524
2845;0.06785387545824051
2846;-0.012666153721511364
2847;0.07198332250118256
2848;0.004870435688644648
2849;0.040932778269052505
2850;-0.013298398815095425
2851;-0.0509520061314106
2852;-0.007657436653971672
2853;-0.013826154172420502
2854;-0.028006134554743767
2855;-0.06396619975566864
2856;0.007637541741132736
2857;0.008280803449451923
2858;0.03779244422912598
2859;0.027160998433828354
2860;-0.005724191665649414
2861;0.03826382756233215
2862;0.00653621181845665
2863;-0.02189386636018753
2864;-0.0031407831702381372
2865;0.0017194767715409398
2866;0.00952905509620905
2867;-0.029961463063955307
2868;-0.06067536771297455
2869;0.268644779920578
2870;-0.22319121658802032
2871;-0.0674213245511055
2872;-0.25981613993644714
2873;0.14860886335372925
2874;0.19737499952316284
2875;-0.26232773065567017
2876;-0.06104222685098648
2877;0.25397154688835144
2878;-0.04729373753070831
2879;-0.09446045756340027
2880;-0.06966954469680786
2881;0.13361197710037231
2882;0.02645147778093815
2883;-0.04290733113884926
2884;-0.07511872053146362
2885;0.0023874288890510798
2886;-0.023422542959451675
2887;0.009526876732707024
2888;0.03173251077532768
2889;0.08058159053325653
2890;-0.007410887628793716
2891;-0.04752616584300995
2892;-0.024228421971201897
2893;0.03633404150605202
2894;0.029133642092347145
2895;0.015043084509670734
2896;-0.04519357532262802
2897;-0.028108270838856697
2898;0.06728452444076538
2899;0.08359265327453613
2900;-0.0011983276344835758
2901;-0.06979625672101974
2902;-0.11903250217437744
2903;-0.026269426569342613
2904;0.10617160052061081
2905;0.10605870187282562
2906;-0.04254540055990219
2907;-0.07510094344615936
2908;-0.05636344105005264
2909;-0.013436357490718365
2910;0.030638575553894043
2911;0.03645715117454529
2912;0.06746567040681839
2913;-0.00020711589604616165
2914;0.03885014355182648
2915;-0.02257758006453514
2916;-0.11744429916143417
2917;0.01582455262541771
2918;0.02587437815964222
2919;-0.03406072035431862
2920;0.056910935789346695
2921;-0.02748822793364525
2922;0.007960294373333454
2923;0.03979988768696785
2924;0.027589254081249237
2925;-0.019136782735586166
2926;-0.0357089526951313
2927;-0.004954020492732525
2928;-0.03360051289200783
2929;0.03494437411427498
2930;0.017798705026507378
2931;-0.015539586544036865
2932;-0.015974659472703934
2933;-0.0640915259718895
2934;0.04546045884490013
2935;0.032890453934669495
2936;0.03646526113152504
2937;0.0017585376044735312
2938;-0.02291116490960121
2939;0.012787637300789356
2940;-0.07475877553224564
2941;0.009211953729391098
2942;-0.0019106412073597312
2943;-0.016481783241033554
2944;-0.01701725646853447
2945;0.020339231938123703
2946;0.0517418310046196
2947;0.044116511940956116
2948;0.0065028793178498745
2949;-0.0403440035879612
2950;-0.050418656319379807
2951;-0.04530465602874756
2952;0.03324882313609123
2953;0.09046235680580139
2954;0.1563643217086792
2955;-0.18700307607650757
2956;-0.09386570751667023
2957;0.24499523639678955
2958;-0.08154013007879257
2959;-0.3179616630077362
2960;0.20623484253883362
2961;0.17340029776096344
2962;0.052446719259023666
2963;-0.22513806819915771
2964;-0.039154257625341415
2965;0.10323837399482727
2966;-0.033817876130342484
2967;0.07439529150724411
2968;0.1200280711054802
2969;0.09649555385112762
2970;-0.07860100269317627
2971;-0.18337972462177277
2972;0.022644231095910072
2973;-0.017547190189361572
2974;0.024485541507601738
2975;-0.0593278706073761
2976;0.02477211132645607
2977;0.11260134726762772
2978;0.08402030169963837
2979;-0.10720773041248322
2980;-0.041112713515758514
2981;-0.005448248237371445
2982;0.09697545319795609
2983;-0.01298961229622364
2984;-0.023001844063401222
2985;-0.08430680632591248
2986;-0.07191461324691772
2987;0.06600825488567352
2988;0.11797241866588593
2989;-0.01665077544748783
2990;-0.07165473699569702
2991;0.003456191625446081
2992;-0.022007428109645844
2993;-0.004243700765073299
2994;0.03592996671795845
2995;0.010419552214443684
2996;0.008931099437177181
2997;0.0532497763633728
2998;-0.019695989787578583
2999;0.011427231132984161
3000;-0.03349630907177925
3001;0.0031363796442747116
3002;0.03846922516822815
3003;-0.6108289957046509
3004;0.9556792974472046
3005;-0.9859262108802795
3006;-0.5870413780212402
3007;0.10524588823318481
3008;0.2371625304222107
3009;-0.011358112096786499
3010;0.017306528985500336
3011;-0.05549515038728714
3012;-0.0020765538793057203
3013;-0.1078663021326065
3014;0.07720401138067245
3015;0.059314578771591187
3016;0.019785970449447632
3017;-0.055589474737644196
3018;0.041845694184303284
3019;-0.0489775650203228
3020;-0.02558390237390995
3021;0.06330458074808121
3022;0.019461439922451973
3023;-0.08385442942380905
3024;0.0011763914953917265
3025;0.11612699180841446
3026;-0.0661158636212349
3027;0.15224769711494446
3028;-0.05614625662565231
3029;-0.05428747087717056
3030;-0.009755991399288177
3031;0.023233333602547646
3032;0.060020603239536285
3033;0.04880348965525627
3034;-0.04416308552026749
3035;-0.027171242982149124
3036;-0.09352129697799683
3037;0.01953877881169319
3038;0.021961715072393417
3039;0.03989364579319954
3040;0.005647124722599983
3041;-0.1337437629699707
3042;-0.01662445440888405
3043;0.13191616535186768
3044;0.047922391444444656
3045;0.0034903823398053646
3046;0.0022100023925304413
3047;-0.03446733206510544
3048;-0.08438615500926971
3049;0.06308760493993759
3050;-0.003170587820932269
3051;-0.023794209584593773
3052;0.0191947091370821
3053;-0.05339830741286278
3054;0.009854087606072426
3055;0.01570478267967701
3056;0.0566428117454052
3057;0.017319414764642715
3058;0.0024103419855237007
3059;0.010737918317317963
3060;-0.045882079750299454
3061;-0.018574394285678864
3062;-0.012138009071350098
3063;-0.02578841894865036
3064;0.053016021847724915
3065;0.026211116462945938
3066;-0.02880147099494934
3067;0.014953133650124073
3068;-0.02089746482670307
3069;0.019707169383764267
3070;-0.019992992281913757
3071;-0.030347665771842003
3072;-0.030420692637562752
3073;0.01685979589819908
3074;0.05522146821022034
3075;0.018714765086770058
3076;0.02936488389968872
3077;0.005785501096397638
3078;-0.04235159233212471
3079;-0.02035600319504738
3080;0.016218598932027817
3081;-0.05264617130160332
3082;-0.04594520851969719
3083;0.06877071410417557
3084;0.06434835493564606
3085;-0.059214115142822266
3086;-0.04617152363061905
3087;0.0194496251642704
3088;0.07683806121349335
3089;0.03840935602784157
3090;-0.2561838626861572
3091;0.40457749366760254
3092;-0.2983325123786926
3093;0.16726136207580566
3094;-0.22544530034065247
3095;0.06884332746267319
3096;0.1319560706615448
3097;-0.008987045846879482
3098;0.02336377464234829
3099;-0.15959931910037994
3100;-0.02280881069600582
3101;0.10412902384996414
3102;-0.008355200290679932
3103;0.08306685835123062
3104;0.09379921853542328
3105;-0.09776660799980164
3106;-0.15233191847801208
3107;0.05420772358775139
3108;0.02840401604771614
3109;0.026180395856499672
3110;-0.05800406634807587
3111;0.07859073579311371
3112;-0.0036515360698103905
3113;-0.0009470302611589432
3114;-0.006537175737321377
3115;-0.008370147086679935
3116;-0.017127625644207
3117;-0.016823559999465942
3118;0.01086547039449215
3119;0.0875057503581047
3120;0.02763224206864834
3121;-0.06546777486801147
3122;-0.06266510486602783
3123;-0.008352520875632763
3124;-0.012422214262187481
3125;-0.002963803242892027
3126;-0.015106312930583954
3127;0.08584766834974289
3128;-0.0021445106249302626
3129;-0.018928196281194687
3130;0.020850209519267082
3131;-0.017936887219548225
3132;-0.002409367123618722
3133;-0.01595160737633705
3134;0.011650903150439262
3135;0.06875381618738174
3136;-0.01372494176030159
3137;-0.08228433132171631
3138;0.1795370876789093
3139;-0.8988933563232422
3140;0.9133711457252502
3141;-0.17936228215694427
3142;-0.17306101322174072
3143;-0.34509530663490295
3144;0.22930306196212769
3145;0.022515811026096344
3146;0.10517522692680359
3147;-0.04498119279742241
3148;-0.14984972774982452
3149;-0.033872850239276886
3150;-0.04145415872335434
3151;0.12724539637565613
3152;0.10849282145500183
3153;-0.010809487663209438
3154;-0.03453870862722397
3155;-0.043746329843997955
3156;-0.017172515392303467
3157;-0.001981670968234539
3158;-0.04870696738362312
3159;0.037790048867464066
3160;0.03447956219315529
3161;0.04543260484933853
3162;0.08555415272712708
3163;-0.11156367510557175
3164;0.00985241774469614
3165;-0.06085283309221268
3166;-0.020859621465206146
3167;0.03690521791577339
3168;0.00964414980262518
3169;-0.029966937378048897
3170;0.015735097229480743
3171;0.09558965265750885
3172;0.019968822598457336
3173;-0.041798803955316544
3174;-0.043883562088012695
3175;-0.012968814931809902
3176;-0.03995031118392944
3177;-0.035314787179231644
3178;0.06402932107448578
3179;0.06468291580677032
3180;-0.018894631415605545
3181;-0.003658166155219078
3182;-0.018995121121406555
3183;0.014183295890688896
3184;0.004490755032747984
3185;-0.010386338457465172
3186;-0.015897585079073906
3187;0.0039296699687838554
3188;0.031765166670084
3189;-0.01160385087132454
3190;0.02037697285413742
3191;0.0015830631600692868
3192;-0.06430709362030029
3193;-0.05727889761328697
3194;0.020226797088980675
3195;0.08481653034687042
3196;0.035710256546735764
3197;-0.026904644444584846
3198;-0.02639620751142502
3199;-0.0148084107786417
3200;-0.017093639820814133
3201;0.029103053733706474
3202;0.0007137909415178001
3203;0.004813572857528925
3204;-0.002427045488730073
3205;-0.00730471545830369
3206;-0.0004069879651069641
3207;0.015632295981049538
3208;0.01154795940965414
3209;-0.03402888774871826
3210;-0.008573375642299652
3211;-0.0018592262640595436
3212;0.002825871342793107
3213;0.02461993135511875
3214;0.020176468417048454
3215;-0.01786878891289234
3216;-0.01684226654469967
3217;0.0025225263088941574
3218;-0.00781423132866621
3219;-0.0026583506260067225
3220;0.012618748471140862
3221;-0.005825286265462637
3222;0.00164167454931885
3223;0.016351088881492615
3224;0.002285698428750038
3225;-0.005107910372316837
3226;-0.00815531238913536
3227;-0.0119808753952384
3228;-0.006145651917904615
3229;0.010256705805659294
3230;0.0034969323314726353
3231;0.0026494977064430714
